email@gmail.com;name;family;
email@gmail.com;name;family;
email@gmail.com;name;family;
email@gmail.com;name;family;
email@gmail.com;name;family;
email@gmail.com;name;family;
email@gmail.com;name;family;
email@gmail.com;name;family;
email@gmail.com;name;family;
email@gmail.com;name;family;
email@gmail.com;name;family;
email@gmail.com;name;family;
email@gmail.com;name;family;
email@gmail.com;name;family;
email@gmail.com;name;family;
email@gmail.com;name;family;
email@gmail.com;name;family;
email@gmail.com;name;family;
email@gmail.com;name;family;
email@gmail.com;name;family;
